{
    "Linear Regression_Adjusted_R2_Score": 0.8710831053082628,
    "Linear Regression_R2_Score": 0.8915319920524694,
    "Linear Regression_Mean_Squared_Error": 0.01485277190564503,
    "Ridge Regression_Adjusted_R2_Score": 0.8680954681313525,
    "Ridge Regression_R2_Score": 0.8890182559450001,
    "Ridge Regression_Mean_Squared_Error": 0.01519698352842404,
    "Polynomial Regression_Adjusted_R2_Score": 0.7734950153636135,
    "Polynomial Regression_R2_Score": 0.8094233922369714,
    "Polynomial Regression_Mean_Squared_Error": 0.02609608989062554,
    "SVR_Adjusted_R2_Score": 0.858087917527212,
    "SVR_R2_Score": 0.8805981099194473,
    "SVR_Mean_Squared_Error": 0.01634997334262119,
    "Random Forrest Regressor_Adjusted_R2_Score": 0.8725119303867628,
    "Random Forrest Regressor_R2_Score": 0.8927341759116211,
    "Random Forrest Regressor_Mean_Squared_Error": 0.014688154125836028,
    "Decision Tree Regressor_Adjusted_R2_Score": 0.7024080965962975,
    "Decision Tree Regressor_R2_Score": 0.7496123295499884,
    "Decision Tree Regressor_Mean_Squared_Error": 0.03428615522264236,
    "AdaBoost Regressor_Adjusted_R2_Score": 0.7429791044008137,
    "AdaBoost Regressor_R2_Score": 0.7837479361165467,
    "AdaBoost Regressor_Mean_Squared_Error": 0.029611888701225414,
    "Gradient Boosting Regressor_Adjusted_R2_Score": 0.8618248496478415,
    "Gradient Boosting Regressor_R2_Score": 0.883742287289908,
    "Gradient Boosting Regressor_Mean_Squared_Error": 0.015919433958723465,
    "XGBRegressor_Adjusted_R2_Score": 0.8394456212637854,
    "XGBRegressor_R2_Score": 0.8649128675460815,
    "XGBRegressor_Mean_Squared_Error": 0.018497783690690994,
    "Hyper Parameter Ridge Regression_Adjusted_R2_Score": 0.8680954608542477,
    "Hyper Parameter Ridge Regression_R2_Score": 0.8890182498221947,
    "Hyper Parameter Ridge Regression_Mean_Squared_Error": 0.015196984366833755,
    "Hyper Parameter Support Vector Regression_Adjusted_R2_Score": 0.8747261113029918,
    "Hyper Parameter Support Vector Regression_R2_Score": 0.8945971419238966,
    "Hyper Parameter Support Vector Regression_Mean_Squared_Error": 0.014433053937569613,
    "Hyper Parameter Randomn Forrest Regression_Adjusted_R2_Score": 0.8831976948899205,
    "Hyper Parameter Randomn Forrest Regression_R2_Score": 0.9017249570797952,
    "Hyper Parameter Randomn Forrest Regression_Mean_Squared_Error": 0.013457025939089427,
    "Hyper Parameter Gradient Boost Regression_Adjusted_R2_Score": 0.8595043234246338,
    "Hyper Parameter Gradient Boost Regression_R2_Score": 0.8817898445365884,
    "Hyper Parameter Gradient Boost Regression_Mean_Squared_Error": 0.01618678640137101,
    "Hyper Parameter XGBoost Regression_Adjusted_R2_Score": 0.8469331518548434,
    "Hyper Parameter XGBoost Regression_R2_Score": 0.8712127208709717,
    "Hyper Parameter XGBoost Regression_Mean_Squared_Error": 0.01763513870537281,
    "step": 0
}
